Ahmadpur East,Ahmadpur East,Ahmadpur East,Punjab
Ahmed Nager Chatha,Ahmed Nager Chatha,Ahmed Nager Chatha,Punjab
Arifwala,Arifwala,Arifwala,Punjab
Attock,Attock,Attock,Punjab
Baghalchur,Baghalchur,Baghalchur,Punjab
Bahawalnagar,Bahawalnagar,Bahawalnagar,Punjab
Bahawalpur,Bahawalpur,Bahawalpur,Punjab
Bhakkar,Bhakkar,Bhakkar,Punjab
Bhalwal,Bhalwal,Bhalwal,Punjab
Burewala,Burewala,Burewala,Punjab
Chakwal,Chakwal,Chakwal,Punjab
Chaubara,Chaubara,Chaubara,Punjab
Chichawatni,Chichawatni,Chichawatni,Punjab
Chiniot,Chiniot,Chiniot,Punjab
Chistian Mandi,Chistian Mandi,Chistian Mandi,Punjab
Choa Saidan Shah,Choa Saidan Shah,Choa Saidan Shah,Punjab
Chunian,Chunian,Chunian,Punjab
Daska,Daska,Daska,Punjab
Dhaular,Dhaular,Dhaular,Punjab
Dera Ghazi Khan,Dera Ghazi Khan,Dera Ghazi Khan,Punjab
Dipalpur,Dipalpur,Dipalpur,Punjab
Dinga,Dinga,Dinga,Punjab
Dunyapur,Dunyapur,Dunyapur,Punjab
Firoza,Firoza,Firoza,Punjab
Faisalabad,Faisalabad,Faisalabad,Punjab
Fatehjang,Fatehjang,Fatehjang,Punjab
Fort Abbas,Fort Abbas,Fort Abbas,Punjab
Gojra,Gojra,Gojra,Punjab
Gujar Khan,Gujar Khan,Gujar Khan,Punjab
Gujranwala,Gujranwala,Gujranwala,Punjab
Gujrat,Gujrat,Gujrat,Punjab
Hafizabad,Hafizabad,Hafizabad,Punjab
Haroonabad,Haroonabad,Haroonabad,Punjab
Hasilpur,Hasilpur,Hasilpur,Punjab
Isa Khel,Isa Khel,Isa Khel,Punjab
Jahania,Jahania,Jahania,Punjab
Jampur,Jampur,Jampur,Punjab
Jand,Jand,Jand,Punjab
Jaranwala,Jaranwala,Jaranwala,Punjab
Jatoi,Jatoi,Jatoi,Punjab
Jhang Sadar,Jhang Sadar,Jhang Sadar,Punjab
Jhelum,Jhelum,Jhelum,Punjab
Kalur Kot,Kalur Kot,Kalur Kot,Punjab
Kamalia,Kamalia,Kamalia,Punjab
Kamoke,Kamoke,Kamoke,Punjab
Karor,Karor,Karor,Punjab
Kasur,Kasur,Kasur,Punjab
Khanewal,Khanewal,Khanewal,Punjab
Khanpur,Khanpur,Khanpur,Punjab
Kharian,Kharian,Kharian,Punjab
Kharian Cantonment,Kharian Cantonment,Kharian Cantonment,Punjab
Khushab,Khushab,Khushab,Punjab
Kot Addu,Kot Addu,Kot Addu,Punjab
Lahore,Lahore,Lahore,Punjab
Leiah,Leiah,Leiah,Punjab
Liaqatpur,Liaqatpur,Liaqatpur,Punjab
Lodhran,Lodhran,Lodhran,Punjab
Mailsi,Mailsi,Mailsi,Punjab
Mandi Burewala,Mandi Burewala,Mandi Burewala,Punjab
Mankera,Mankera,Mankera,Punjab
Mianwali,Mianwali,Mianwali,Punjab
Mithankot,Mithankot,Mithankot,Punjab
Multan,Multan,Multan,Punjab
Murree,Murree,Murree,Punjab
Muzaffargarh,Muzaffargarh,Muzaffargarh,Punjab
Narowaal,Narowaal,Narowaal,Punjab
Nurpur,Nurpur,Nurpur,Punjab
Okara,Okara,Okara,Punjab
Pakpattan,Pakpattan,Pakpattan,Punjab
Pasrur,Pasrur,Pasrur,Punjab
Phalla,Phalla,Phalla,Punjab
Pind Dadan Khan,Pind Dadan Khan,Pind Dadan Khan,Punjab
Qaidabad,Qaidabad,Qaidabad,Punjab
Rabwah,Rabwah,Rabwah,Punjab
Rahimyar Khan,Rahimyar Khan,Rahimyar Khan,Punjab
Rajanpur,Rajanpur,Rajanpur,Punjab
Rawalpindi,Rawalpindi,Rawalpindi,Punjab
Renala Khurd,Renala Khurd,Renala Khurd,Punjab
Rojhan,Rojhan,Rojhan,Punjab
Sadiqabad,Sadiqabad,Sadiqabad,Punjab
Sahiwal,Sahiwal,Sahiwal,Punjab
Samundri,Samundri,Samundri,Punjab
Sargodha,Sargodha,Sargodha,Punjab
Shahpur,Shahpur,Shahpur,Punjab
Shaher Sultan,Shaher Sultan,Shaher Sultan,Punjab
Shakargarh,Shakargarh,Shakargarh,Punjab
Sheikhupura,Sheikhupura,Sheikhupura,Punjab
Sialkot,Sialkot,Sialkot,Punjab
Talagang,Talagang,Talagang,Punjab
Taxila,Taxila,Taxila,Punjab
Toba Tek Singh,Toba Tek Singh,Toba Tek Singh,Punjab
Vihari,Vihari,Vihari,Punjab
Wah,Wah,Wah,Punjab
Wazirabad,Wazirabad,Wazirabad,Punjab
Yazman,Yazman,Yazman,Punjab
Awaran,Awaran,Awaran,Balochistan
Barkhan,Barkhan,Barkhan,Balochistan
Bolan,Bolan,Bolan,Balochistan
Chagai,Chagai,Chagai,Balochistan
Dera Bugti,Dera Bugti,Dera Bugti,Balochistan
Gwadar,Gwadar,Gwadar,Balochistan
Jafarabad,Jafarabad,Jafarabad,Balochistan
Jhal Magsi,Jhal Magsi,Jhal Magsi,Balochistan
Kalat,Kalat,Kalat,Balochistan
Kech,Kech,Kech,Balochistan
Kharan,Kharan,Kharan,Balochistan
Kohlu,Kohlu,Kohlu,Balochistan
Khuzdar,Khuzdar,Khuzdar,Balochistan
Qilla Abdullah,Qilla Abdullah,Qilla Abdullah,Balochistan
Qilla Saifullah,Qilla Saifullah,Qilla Saifullah,Balochistan
Lasbela,Lasbela,Lasbela,Balochistan
Loralai,Loralai,Loralai,Balochistan
Mastung,Mastung,Mastung,Balochistan
Musakhel,Musakhel,Musakhel,Balochistan
Naseerabad,Naseerabad,Naseerabad,Balochistan
Nushki,Nushki,Nushki,Balochistan
Panjgur,Panjgur,Panjgur,Balochistan
Pishin,Pishin,Pishin,Balochistan
Quetta,Quetta,Quetta,Balochistan
Sibi,Sibi,Sibi,Balochistan
Zhob,Zhob,Zhob,Balochistan
Ziarat,Ziarat,Ziarat,Balochistan
Karachi,Karachi,Karachi,Sindh
Jamshoro,Jamshoro,Jamshoro,Sindh
Thatta,Thatta,Thatta,Sindh
Badin,Badin,Badin,Sindh
Tharparkar,Tharparkar,Tharparkar,Sindh
Umerkot,Umerkot,Umerkot,Sindh
Mirpur Khas,Mirpur Khas,Mirpur Khas,Sindh
Tando Allahyar,Tando Allahyar,Tando Allahyar,Sindh
Naushahro Feroze,Naushahro Feroze,Naushahro Feroze,Sindh
Tando Muhammad Khan,Tando Muhammad Khan,Tando Muhammad Khan,Sindh
Hyderabad,Hyderabad,Hyderabad,Sindh
Sanghar,Sanghar,Sanghar,Sindh
Khairpur,Khairpur,Khairpur,Sindh
Nawabshah,Nawabshah,Nawabshah,Sindh
Dadu,Dadu,Dadu,Sindh
Qambar Shahdadkot,Qambar Shahdadkot,Qambar Shahdadkot,Sindh
Larkana,Larkana,Larkana,Sindh
Matiari,Matiari,Matiari,Sindh
Ghotki,Ghotki,Ghotki,Sindh
Shikarpur,Shikarpur,Shikarpur,Sindh
Jacobabad,Jacobabad,Jacobabad,Sindh
Sukkur,Sukkur,Sukkur,Sindh
Kashmore,Kashmore,Kashmore,Sindh
Abbottabad,Abbottabad,Abbottabad,Sarhad
Bannu,Bannu,Bannu,Sarhad
Batagram,Batagram,Batagram,Sarhad
Buner,Buner,Buner,Sarhad
Charsadda,Charsadda,Charsadda,Sarhad
Chitral,Chitral,Chitral,Sarhad
Dera Ismail Khan,Dera Ismail Khan,Dera Ismail Khan,Sarhad
Hangu,Hangu,Hangu,Sarhad
Haripur,Haripur,Haripur,Sarhad
Karak,Karak,Karak,Sarhad
Kohat,Kohat,Kohat,Sarhad
Kohistan,Kohistan,Kohistan,Sarhad
Lakki Marwat,Lakki Marwat,Lakki Marwat,Sarhad
Dir Lower,Dir Lower,Dir Lower,Sarhad
Malakand,Malakand,Malakand,Sarhad
Mansehra,Mansehra,Mansehra,Sarhad
Mardan,Mardan,Mardan,Sarhad
Nowshera,Nowshera,Nowshera,Sarhad
Peshawar,Peshawar,Peshawar,Sarhad
Shangla,Shangla,Shangla,Sarhad
Swabi,Swabi,Swabi,Sarhad
Swat,Swat,Swat,Sarhad
Tank,Tank,Tank,Sarhad
Dir Upper,Dir Upper,Dir Upper,Sarhad
